{
    "uvs": [[]], 
    "faces": [33, 9, 4, 16, 21, 0, 1, 2, 3, 33, 3, 1, 13, 17, 4, 5, 6, 7, 33, 0, 7, 19, 14, 8, 9, 10, 11, 33, 6, 10, 23, 20, 12, 13, 14, 15, 33, 11, 8, 2, 5, 16, 17, 18, 19, 33, 15, 12, 18, 22, 20, 21, 22, 23, 33, 33, 28, 40, 45, 24, 25, 26, 27, 33, 27, 25, 37, 41, 28, 29, 30, 31, 33, 24, 31, 43, 38, 32, 33, 34, 35, 33, 30, 34, 47, 44, 36, 37, 38, 39, 33, 35, 32, 26, 29, 40, 41, 42, 43, 33, 39, 36, 42, 46, 44, 45, 46, 47, 33, 57, 52, 64, 69, 48, 49, 50, 51, 33, 51, 49, 61, 65, 52, 53, 54, 55, 33, 48, 55, 67, 62, 56, 57, 58, 59, 33, 54, 58, 71, 68, 60, 61, 62, 63, 33, 59, 56, 50, 53, 64, 65, 66, 67, 33, 63, 60, 66, 70, 68, 69, 70, 71, 33, 81, 76, 88, 93, 72, 73, 74, 75, 33, 75, 73, 85, 89, 76, 77, 78, 79, 33, 72, 79, 91, 86, 80, 81, 82, 83, 33, 78, 82, 95, 92, 84, 85, 86, 87, 33, 83, 80, 74, 77, 88, 89, 90, 91, 33, 87, 84, 90, 94, 92, 93, 94, 95, 33, 105, 100, 112, 117, 96, 97, 98, 99, 33, 99, 97, 109, 113, 100, 101, 102, 103, 33, 96, 103, 115, 110, 104, 105, 106, 107, 33, 102, 106, 119, 116, 108, 109, 110, 111, 33, 107, 104, 98, 101, 112, 113, 114, 115, 33, 111, 108, 114, 118, 116, 117, 118, 119, 33, 123, 136, 141, 129, 120, 121, 122, 123, 33, 135, 133, 138, 142, 124, 125, 126, 127, 33, 132, 121, 127, 139, 128, 129, 130, 131, 33, 120, 124, 131, 128, 132, 133, 134, 135, 33, 125, 122, 134, 137, 136, 137, 138, 139, 33, 143, 140, 126, 130, 140, 141, 142, 143, 33, 147, 160, 165, 153, 144, 145, 146, 147, 33, 159, 157, 162, 166, 148, 149, 150, 151, 33, 156, 145, 151, 163, 152, 153, 154, 155, 33, 144, 148, 155, 152, 156, 157, 158, 159, 33, 149, 146, 158, 161, 160, 161, 162, 163, 33, 167, 164, 150, 154, 164, 165, 166, 167, 33, 177, 172, 184, 189, 168, 169, 170, 171, 33, 171, 169, 181, 185, 172, 173, 174, 175, 33, 168, 175, 187, 182, 176, 177, 178, 179, 33, 174, 178, 191, 188, 180, 181, 182, 183, 33, 179, 176, 170, 173, 184, 185, 186, 187, 33, 183, 180, 186, 190, 188, 189, 190, 191, 33, 201, 196, 208, 213, 192, 193, 194, 195, 33, 195, 193, 205, 209, 196, 197, 198, 199, 33, 192, 199, 211, 206, 200, 201, 202, 203, 33, 198, 202, 215, 212, 204, 205, 206, 207, 33, 203, 200, 194, 197, 208, 209, 210, 211, 33, 207, 204, 210, 214, 212, 213, 214, 215, 33, 219, 232, 237, 225, 216, 217, 218, 219, 33, 231, 229, 234, 238, 220, 221, 222, 223, 33, 228, 217, 223, 235, 224, 225, 226, 227, 33, 216, 220, 227, 224, 228, 229, 230, 231, 33, 221, 218, 230, 233, 232, 233, 234, 235, 33, 239, 236, 222, 226, 236, 237, 238, 239], 
    "vertices": [-0.74999958, 1.16666663, 0.74999934, -0.74999958, 1.16666663, 0.74999934, -0.74999958, 1.16666663, 0.74999934, -0.74999958, 1.33333337, 0.74999934, -0.74999958, 1.33333337, 0.74999934, -0.74999958, 1.33333337, 0.74999934, -0.74999958, 1.16666663, -0.75000066, -0.74999958, 1.16666663, -0.75000066, -0.74999958, 1.16666663, -0.75000066, -0.74999958, 1.33333337, -0.75000066, -0.74999958, 1.33333337, -0.75000066, -0.74999958, 1.33333337, -0.75000066, 0.75000042, 1.16666663, 0.74999934, 0.75000042, 1.16666663, 0.74999934, 0.75000042, 1.16666663, 0.74999934, 0.75000042, 1.33333337, 0.74999934, 0.75000042, 1.33333337, 0.74999934, 0.75000042, 1.33333337, 0.74999934, 0.75000042, 1.16666663, -0.75000066, 0.75000042, 1.16666663, -0.75000066, 0.75000042, 1.16666663, -0.75000066, 0.75000042, 1.33333337, -0.75000066, 0.75000042, 1.33333337, -0.75000066, 0.75000042, 1.33333337, -0.75000066, 0.6666671, 0.0, 0.74999934, 0.6666671, 0.0, 0.74999934, 0.6666671, 0.0, 0.74999934, 0.6666671, 1.16666663, 0.74999934, 0.6666671, 1.16666663, 0.74999934, 0.6666671, 1.16666663, 0.74999934, 0.6666671, 0.0, 0.66666603, 0.6666671, 0.0, 0.66666603, 0.6666671, 0.0, 0.66666603, 0.6666671, 1.16666663, 0.66666603, 0.6666671, 1.16666663, 0.66666603, 0.6666671, 1.16666663, 0.66666603, 0.75000042, 0.0, 0.74999934, 0.75000042, 0.0, 0.74999934, 0.75000042, 0.0, 0.74999934, 0.75000042, 1.16666663, 0.74999934, 0.75000042, 1.16666663, 0.74999934, 0.75000042, 1.16666663, 0.74999934, 0.75000042, 0.0, 0.66666603, 0.75000042, 0.0, 0.66666603, 0.75000042, 0.0, 0.66666603, 0.75000042, 1.16666663, 0.66666603, 0.75000042, 1.16666663, 0.66666603, 0.75000042, 1.16666663, 0.66666603, -0.74999958, 0.0, -0.66666734, -0.74999958, 0.0, -0.66666734, -0.74999958, 0.0, -0.66666734, -0.74999958, 1.16666663, -0.66666734, -0.74999958, 1.16666663, -0.66666734, -0.74999958, 1.16666663, -0.66666734, -0.74999958, 0.0, -0.75000066, -0.74999958, 0.0, -0.75000066, -0.74999958, 0.0, -0.75000066, -0.74999958, 1.16666663, -0.75000066, -0.74999958, 1.16666663, -0.75000066, -0.74999958, 1.16666663, -0.75000066, -0.66666621, 0.0, -0.66666734, -0.66666621, 0.0, -0.66666734, -0.66666621, 0.0, -0.66666734, -0.66666621, 1.16666663, -0.66666734, -0.66666621, 1.16666663, -0.66666734, -0.66666621, 1.16666663, -0.66666734, -0.66666621, 0.0, -0.75000066, -0.66666621, 0.0, -0.75000066, -0.66666621, 0.0, -0.75000066, -0.66666621, 1.16666663, -0.75000066, -0.66666621, 1.16666663, -0.75000066, -0.66666621, 1.16666663, -0.75000066, 0.6666671, 0.0, -0.66666734, 0.6666671, 0.0, -0.66666734, 0.6666671, 0.0, -0.66666734, 0.6666671, 1.16666663, -0.66666734, 0.6666671, 1.16666663, -0.66666734, 0.6666671, 1.16666663, -0.66666734, 0.6666671, 0.0, -0.75000066, 0.6666671, 0.0, -0.75000066, 0.6666671, 0.0, -0.75000066, 0.6666671, 1.16666663, -0.75000066, 0.6666671, 1.16666663, -0.75000066, 0.6666671, 1.16666663, -0.75000066, 0.75000042, 0.0, -0.66666734, 0.75000042, 0.0, -0.66666734, 0.75000042, 0.0, -0.66666734, 0.75000042, 1.16666663, -0.66666734, 0.75000042, 1.16666663, -0.66666734, 0.75000042, 1.16666663, -0.66666734, 0.75000042, 0.0, -0.75000066, 0.75000042, 0.0, -0.75000066, 0.75000042, 0.0, -0.75000066, 0.75000042, 1.16666663, -0.75000066, 0.75000042, 1.16666663, -0.75000066, 0.75000042, 1.16666663, -0.75000066, -0.74999958, 0.0, 0.74999934, -0.74999958, 0.0, 0.74999934, -0.74999958, 0.0, 0.74999934, -0.74999958, 1.16666663, 0.74999934, -0.74999958, 1.16666663, 0.74999934, -0.74999958, 1.16666663, 0.74999934, -0.74999958, 0.0, 0.66666603, -0.74999958, 0.0, 0.66666603, -0.74999958, 0.0, 0.66666603, -0.74999958, 1.16666663, 0.66666603, -0.74999958, 1.16666663, 0.66666603, -0.74999958, 1.16666663, 0.66666603, -0.66666621, 0.0, 0.74999934, -0.66666621, 0.0, 0.74999934, -0.66666621, 0.0, 0.74999934, -0.66666621, 1.16666663, 0.74999934, -0.66666621, 1.16666663, 0.74999934, -0.66666621, 1.16666663, 0.74999934, -0.66666621, 0.0, 0.66666603, -0.66666621, 0.0, 0.66666603, -0.66666621, 0.0, 0.66666603, -0.66666621, 1.16666663, 0.66666603, -0.66666621, 1.16666663, 0.66666603, -0.66666621, 1.16666663, 0.66666603, -0.74999958, 0.5, 0.66666603, -0.74999958, 0.5, 0.66666603, -0.74999958, 0.5, 0.66666603, -0.74999958, 0.58333331, 0.66666603, -0.74999958, 0.58333331, 0.66666603, -0.74999958, 0.58333331, 0.66666603, -0.74999958, 0.5, -0.66666734, -0.74999958, 0.5, -0.66666734, -0.74999958, 0.5, -0.66666734, -0.74999958, 0.58333331, -0.66666734, -0.74999958, 0.58333331, -0.66666734, -0.74999958, 0.58333331, -0.66666734, -0.66666621, 0.5, 0.66666603, -0.66666621, 0.5, 0.66666603, -0.66666621, 0.5, 0.66666603, -0.66666621, 0.58333331, 0.66666603, -0.66666621, 0.58333331, 0.66666603, -0.66666621, 0.58333331, 0.66666603, -0.66666621, 0.5, -0.66666734, -0.66666621, 0.5, -0.66666734, -0.66666621, 0.5, -0.66666734, -0.66666621, 0.58333331, -0.66666734, -0.66666621, 0.58333331, -0.66666734, -0.66666621, 0.58333331, -0.66666734, 0.6666671, 0.5, 0.66666603, 0.6666671, 0.5, 0.66666603, 0.6666671, 0.5, 0.66666603, 0.6666671, 0.58333331, 0.66666603, 0.6666671, 0.58333331, 0.66666603, 0.6666671, 0.58333331, 0.66666603, 0.6666671, 0.5, -0.66666734, 0.6666671, 0.5, -0.66666734, 0.6666671, 0.5, -0.66666734, 0.6666671, 0.58333331, -0.66666734, 0.6666671, 0.58333331, -0.66666734, 0.6666671, 0.58333331, -0.66666734, 0.75000042, 0.5, 0.66666603, 0.75000042, 0.5, 0.66666603, 0.75000042, 0.5, 0.66666603, 0.75000042, 0.58333331, 0.66666603, 0.75000042, 0.58333331, 0.66666603, 0.75000042, 0.58333331, 0.66666603, 0.75000042, 0.5, -0.66666734, 0.75000042, 0.5, 