{
    "uvs": [[0.0, 0.0, 0.0, 0.0, 0.0, 0.0, 0.0, 0.0, 0.0, 0.0, 0.0, 0.0, 0.0, 0.0, 0.0, 0.0, 0.0, 0.0, 0.0, 0.0, 0.0, 0.0, 0.0, 0.0, 0.0, 0.0, 0.0, 0.0, 0.0, 0.0, 0.0, 0.0, 0.0, 0.0, 0.0, 0.0, 0.0, 0.0, 0.0, 0.0, 0.0, 0.0, 0.0, 0.0, 0.0, 0.0, 0.0, 0.0, 0.0, 0.0, 0.0, 0.0, 0.0, 0.0, 0.0, 0.0, 0.0, 0.0, 0.0, 0.0, 0.0, 0.0, 0.0, 0.0, 0.0, 0.0, 0.0, 0.0, 0.0, 0.0, 0.0, 0.0]], 
    "faces": [41, 23, 22, 31, 32, 0, 1, 2, 3, 0, 1, 2, 3, 41, 32, 31, 33, 34, 3, 2, 4, 5, 4, 5, 6, 7, 41, 34, 33, 24, 25, 5, 4, 6, 7, 8, 9, 10, 11, 41, 25, 24, 22, 23, 7, 6, 1, 0, 12, 13, 14, 15, 41, 19, 18, 26, 27, 8, 9, 10, 11, 16, 17, 18, 19, 41, 27, 26, 29, 30, 11, 10, 12, 13, 20, 21, 22, 23, 41, 30, 29, 20, 21, 13, 12, 14, 15, 24, 25, 26, 27, 41, 21, 20, 18, 19, 15, 14, 9, 8, 28, 29, 30, 31, 41, 6, 5, 14, 15, 16, 17, 18, 19, 32, 33, 34, 35, 41, 15, 14, 16, 17, 19, 18, 20, 21, 36, 37, 38, 39, 41, 17, 16, 7, 8, 21, 20, 22, 23, 40, 41, 42, 43, 41, 8, 7, 5, 6, 23, 22, 17, 16, 44, 45, 46, 47, 41, 4, 3, 0, 1, 24, 25, 26, 27, 48, 49, 50, 51, 41, 13, 12, 3, 4, 28, 29, 25, 24, 52, 53, 54, 55, 41, 11, 10, 12, 13, 30, 31, 29, 28, 56, 57, 58, 59, 41, 1, 0, 10, 11, 27, 26, 31, 30, 60, 61, 62, 63, 41, 1, 27, 28, 2, 27, 11, 32, 33, 64, 65, 66, 67, 41, 8, 1, 2, 9, 23, 27, 33, 34, 68, 69, 70, 71, 41, 34, 8, 9, 35, 5, 23, 34, 35, 72, 73, 74, 75, 41, 27, 34, 35, 28, 11, 5, 35, 32, 76, 77, 78, 79, 41, 2, 28, 35, 9, 33, 32, 35, 34, 80, 81, 82, 83], 
    "vertices": [-1.48425293, 0.0, 3.23031616, -1.48425293, 2.33759856, 3.23031616, -1.48425293, 2.59596467, 3.23031616, -1.48425293, 0.0, 3.03347778, -1.48425293, 2.33759856, 3.03347778, -1.48425293, 0.0, -3.03344727, -1.48425293, 2.33759856, -3.03344727, -1.48425293, 0.0, -3.23031616, -1.48425293, 2.33759856, -3.23031616, -1.48425293, 2.59596467, -3.23031616, -1.32678223, 0.0, 3.23031616, -1.32678223, 2.33759856, 3.23031616, -1.32678223, 0.0, 3.03347778, -1.32678223, 2.33759856, 3.03347778, -1.32678223, 0.0, -3.03344727, -1.32678223, 2.33759856, -3.03344727, -1.32678223, 0.0, -3.23031616, -1.32678223, 2.33759856, -3.23031616, 1.32678223, 0.0, 3.23031616, 1.32678223, 2.33759856, 3.23031616, 1.32678223, 0.0, 3.03347778, 1.32678223, 2.33759856, 3.03347778, 1.32678223, 0.0, -3.03344727, 1.32678223, 2.33759856, -3.03344727, 1.32678223, 0.0, -3.23031616, 1.32678223, 2.33759856, -3.23031616, 1.48425293, 0.0, 3.23031616, 1.48425293, 2.33759856, 3.23031616, 1.48425293, 2.59596467, 3.23031616, 1.48425293, 0.0, 3.03347778, 1.48425293, 2.33759856, 3.03347778, 1.48425293, 0.0, -3.03344727, 1.48425293, 2.33759856, -3.03344727, 1.48425293, 0.0, -3.23031616, 1.48425293, 2.33759856, -3.23031616, 1.48425293, 2.59596467, -3.23031616], 
    "materials": [{
        "opacity": 0.0, 
        "colorDiffuse": [0.4000000059604645, 0.4000000059604645, 0.4000000059604645], 
        "depthWrite": true, 
        "blending": "NormalBlending", 
        "shading": "Lambert", 
        "DbgName": "lambert1", 
        "transparent": true, 
        "depthTest": true, 
        "vertexColors": false
    }], 
    "normals": [-0.70710677, 0.0, 0.70710677, -0.70710677, 0.0, 0.70710677, 0.70710677, 0.0, 0.70710677, 0.70710677, 0.0, 0.70710677, 0.70710677, 0.0, 0.70710677, 0.70710677, 0.0, 0.70710677, 0.70710677, 0.0, -0.70710677, 0.70710677, 0.0, -0.70710677, 0.70710677, 0.0, -0.70710677, 0.70710677, 0.0, -0.70710677, -0.70710677, 0.0, -0.70710677, -0.70710677, 0.0, -0.70710677, -0.70710677, 0.0, -0.70710677, -0.70710677, 0.0, -0.70710677, -0.70710677, 0.0, 0.70710677, -0.70710677, 0.0, 0.70710677, -0.70710677, 0.0, 0.70710677, -0.70710677, 0.0, 0.70710677, 0.70710677, 0.0, 0.70710677, 0.70710677, 0.0, 0.70710677, 0.70710677, 0.0, 0.70710677, 0.70710677, 0.0, 0.70710677, 0.70710677, 0.0, -0.70710677, 0.70710677, 0.0, -0.70710677, 0.70710677, 0.0, -0.70710677, 0.70710677, 0.0, -0.70710677, -0.70710677, 0.0, -0.70710677, -0.70710677, 0.0, -0.70710677, -0.70710677, 0.0, -0.70710677, -0.70710677, 0.0, -0.70710677, -0.70710677, 0.0, 0.70710677, -0.70710677, 0.0, 0.70710677, -0.70710677, 0.0, 0.70710677, -0.70710677, 0.0, 0.70710677, 0.70710677, 0.0, 0.70710677, 0.70710677, 0.0, 0.70710677, 0.70710677, 0.0, 0.70710677, 0.70710677, 0.0, 0.70710677, 0.70710677, 0.0, -0.70710677, 0.70710677, 0.0, -0.70710677, 0.70710677, 0.0, -0.70710677, 0.70710677, 0.0, -0.70710677, -0.70710677, 0.0, -0.70710677, -0.70710677, 0.0, -0.70710677, -0.70710677, 0.0, -0.70710677, -0.70710677, 0.0, -0.70710677, -0.70710677, 0.0, 0.70710677, -0.70710677, 0.0, 0.70710677, -0.70710677, 0.0, -0.70710677, -0.70710677, 0.0, -0.70710677, -0.70710677, 0.0, 0.70710677, -0.70710677, 0.0, 0.70710677, 0.70710677, 0.0, -0.70710677, 0.70710677, 0.0, -0.70710677, -0.70710677, 0.0, -0.70710677, -0.70710677, 0.0, -0.70710677, 0.70710677, 0.0, 0.70710677, 0.70710677, 0.0, 0.70710677, 0.70710677, 0.0, -0.70710677, 0.70710677, 0.0, -0.70710677, -0.70710677, 0.0, 0.70710677, -0.70710677, 0.0, 0.70710677, 0.70710677, 0.0, 0.70710677, 0.70710677, 0.0, 0.70710677, -0.70710677, 0.0, 0.70710677, 0.70710677, 0.0, 0.70710677, 0.57735026, 0.57735026, 0.57735026, -0.57735026, 0.57735026, 0.57735026, -0.70710677, 0.0, -0.70710677, -0.70710677, 0.0, 0.70710677, -0.57735026, 0.57735026, 0.57735026, -0.57735026, 0.57735026, -0.57735026, 0.70710677, 0.0, -0.70710677, -0.70710677, 0.0, -0.70710677, -0.57735026, 0.57735026, -0.57735026, 0.57735026, 0.57735026, -0.57735026, 0.70710677, 0.0, 0.70710677, 0.70710677, 0.0, -0.70710677, 0.57735026, 0.57735026, -0.57735026, 0.57735026, 0.57735026, 0.57735026, -0.57735026, 0.57735026, 0.57735026, 0.57735026, 0.57735026, 0.57735026, 0.57735026, 0.57735026, -0.57735026, -0.57735026, 0.57735026, -0.57735026], 
    "metadata": {
        "formatVersion": 3.1, 
        "generatedBy": "Maya Exporter"
    }
}