{
    "uvs": [[0.09150326997041702, 0.21620230376720428, 0.009803921915590763, 0.16460265219211578, 0.09150326997041702, 0.16460265219211578, 0.7042478919029236, 0.21620230376720428, 0.49999943375587463, 0.5257999897003174, 0.009803921915590763, 0.9901960492134094, 0.49999943375587463, 0.7837976813316345, 0.9901960492134094, 0.9901960492134094, 0.7042477130889893, 0.7837976813316345, 0.9901960492134094, 0.009803921915590763, 0.7042480707168579, 0.00980403646826744, 0.7042477130889893, 0.5257999897003174]], 
    "faces": [40, 2, 0, 1, 0, 1, 2, 0, 1, 2, 40, 3, 8, 2, 3, 4, 0, 3, 4, 5, 40, 7, 0, 2, 5, 1, 0, 6, 7, 8, 40, 9, 7, 8, 6, 5, 4, 9, 10, 11, 40, 2, 8, 7, 0, 4, 5, 12, 13, 14, 41, 6, 7, 9, 10, 7, 5, 6, 8, 15, 16, 17, 18, 40, 5, 3, 4, 9, 3, 10, 19, 20, 21, 40, 11, 3, 5, 11, 3, 9, 22, 23, 24, 40, 10, 11, 6, 8, 11, 7, 25, 26, 27, 40, 5, 6, 11, 9, 7, 11, 28, 29, 30, 40, 8, 3, 11, 4, 3, 11, 31, 32, 33], 
    "vertices": [-81.37261963, 0.0, 44.59490204, -67.81051636, 0.0, 44.59490204, -67.81051636, 0.0, 37.73415375, 33.90518188, 0.0, 37.73415375, 33.9052124, 0.0, 65.17714691, 81.37261963, 0.0, 65.17717743, 81.37261963, 0.0, -65.17717743, -81.37261963, 0.0, -65.17717743, -9.155e-05, 0.0, -3.43039703, -9.155e-05, 0.0, -37.73413849, 33.90515137, 0.0, -37.73413849, 33.90515137, 0.0, -3.43039703], 
    "materials": [{
        "opacity": 0.0, 
        "colorDiffuse": [0.4000000059604645, 0.4000000059604645, 0.4000000059604645], 
        "depthWrite": true, 
        "blending": "NormalBlending", 
        "shading": "Lambert", 
        "DbgName": "lambert1", 
        "transparent": true, 
        "depthTest": true, 
        "vertexColors": false
    }], 
    "normals": [0.0, 0.99999994, 0.0, 0.0, 0.99999994, 0.0, 0.0, 0.99999994, 0.0, 0.0, 0.99999994, 0.0, 0.0, 0.99999994, 0.0, 0.0, 0.99999994, 0.0, 0.0, 0.99999994, 0.0, 0.0, 0.99999994, 0.0, 0.0, 0.99999994, 0.0, 0.0, 0.99999994, 0.0, 0.0, 0.99999994, 0.0, 0.0, 0.99999994, 0.0, 0.0, 0.99999994, 0.0, 0.0, 0.99999994, 0.0, 0.0, 0.99999994, 0.0, 0.0, 0.99999994, 0.0, 0.0, 0.99999994, 0.0, 0.0, 0.99999994, 0.0, 0.0, 0.99999994, 0.0, 0.0, 0.99999994, 0.0, 0.0, 0.99999994, 0.0, 0.0, 0.99999994, 0.0, 0.0, 0.99999994, 0.0, 0.0, 0.99999994, 0.0, 0.0, 0.99999994, 0.0, 0.0, 0.99999994, 0.0, 0.0, 0.99999994, 0.0, 0.0, 0.99999994, 0.0, 0.0, 0.99999994, 0.0, 0.0, 0.99999994, 0.0, 0.0, 0.99999994, 0.0, 0.0, 0.99999994, 0.0, 0.0, 0.99999994, 0.0, 0.0, 0.99999994, 0.0], 
    "metadata": {
        "formatVersion": 3.1, 
        "generatedBy": "Maya Exporter"
    }
}