{
    "uvs": [[0.014983445405960083, 0.9900873303413391, 0.99853515625, 0.9900873303413391, 0.99853515625, 0.0, 0.014983445405960083, 0.0, 0.011237584054470062, 0.0, 0.014983445405960083, 0.0, 0.014983445405960083, 0.9900873303413391, 0.011237584054470062, 0.9900873303413391, 0.0037458613514900208, 0.0, 0.0074917227029800415, 0.0, 0.0074917227029800415, 0.9850165843963623, 0.0037458613514900208, 0.9850165843963623, 0.0074917227029800415, 0.0, 0.011237584054470062, 0.0, 0.011237584054470062, 0.9900873303413391, 0.0074917227029800415, 0.9900873303413391, 0.0, 0.0, 0.0037458613514900208, 0.0, 0.0037458613514900208, 0.9850165843963623, 0.0, 0.9850165843963623]],
    "faces": [41, 1, 3, 2, 0, 0, 1, 2, 3, 0, 1, 2, 3, 41, 5, 4, 6, 7, 4, 5, 6, 7, 4, 5, 6, 7, 41, 9, 8, 10, 11, 8, 9, 10, 11, 8, 9, 10, 11, 41, 13, 12, 14, 15, 12, 13, 14, 15, 12, 13, 14, 15, 41, 17, 16, 18, 19, 16, 17, 18, 19, 16, 17, 18, 19],
    "vertices": [-86.77726746, -0.66000003, 104.26091766, -86.77726746, -0.66000003, -70.44507599, 86.77719116, -0.66000003, 104.26091766, 86.77719116, -0.66000003, -70.44507599, 86.77719116, -0.66000003, 104.26091766, 86.77719116, 0.0, 104.26091766, 86.77719116, -0.66000003, -70.44507599, 86.77719116, 0.0, -70.44507599, 86.77719116, -0.66000003, -70.44507599, 86.77719116, 0.0, -70.44507599, -86.77726746, -0.66000003, -70.44507599, -86.77726746, 0.0, -70.44507599, -86.77726746, -0.66000003, -70.44507599, -86.77726746, 0.0, -70.44507599, -86.77726746, -0.66000003, 104.26091766, -86.77726746, 0.0, 104.26091766, -86.77726746, -0.66000003, 104.26091766, -86.77726746, 0.0, 104.26091766, 86.77719116, -0.66000003, 104.26091766, 86.77719116, 0.0, 104.26091766],
    "materials": [{
        "opacity": 0.0,
        "colorDiffuse": [0.4000000059604645, 0.4000000059604645, 0.4000000059604645],
        "depthWrite": true,
        "blending": "NormalBlending",
        "shading": "Lambert",
        "DbgName": "lambert1",
        "transparent": true,
        "depthTest": true,
        "vertexColors": false
    }],
    "normals": [0.0, -0.99999994, 0.0, 0.0, -0.99999994, 0.0, 0.0, -0.99999994, 0.0, 0.0, -0.99999994, 0.0, 0.99999994, 0.0, 0.0, 0.99999994, 0.0, 0.0, 0.99999994, 0.0, 0.0, 0.99999994, 0.0, 0.0, 0.0, 0.0, -0.99999994, 0.0, 0.0, -0.99999994, 0.0, 0.0, -0.99999994, 0.0, 0.0, -0.99999994, -0.99999994, 0.0, 0.0, -0.99999994, 0.0, 0.0, -0.99999994, 0.0, 0.0, -0.99999994, 0.0, 0.0, 0.0, 0.0, 0.99999994, 0.0, 0.0, 0.99999994, 0.0, 0.0, 0.99999994, 0.0, 0.0, 0.99999994],
    "metadata": {
        "formatVersion": 3.1,
        "generatedBy": "Maya Exporter"
    }
}
