{
    "uvs": [[1.0, 1.0, 1.0, 0.0, 0.0, 0.0, 0.0, 1.0, 1.0, 1.0, 1.0, 0.0, 0.0, 0.0, 0.0, 1.0]], 
    "animations": [{
        "hierarchy": [], 
        "length": 4.958333333333333, 
        "name": "skeletalAction.001", 
        "fps": 1
    }], 
    "faces": [41, 3, 1, 0, 2, 0, 3, 2, 1, 0, 1, 2, 3, 41, 7, 6, 4, 5, 4, 5, 6, 7, 4, 5, 6, 7], 
    "vertices": [-86.7772522, -1.2e-07, 104.26091766, -86.7772522, -1.2e-07, -70.44507599, 86.7771759, 1.2e-07, 104.26091766, 86.7771759, 1.2e-07, -70.44507599, -86.77726746, 0.0, 104.26091766, -86.77726746, 0.0, -70.44507599, 86.77719116, 0.0, 104.26091766, 86.77719116, 0.0, -70.44507599], 
    "materials": [{
        "opacity": 0.0, 
        "colorDiffuse": [0.4000000059604645, 0.4000000059604645, 0.4000000059604645], 
        "depthWrite": true, 
        "blending": "NormalBlending", 
        "shading": "Lambert", 
        "DbgName": "lambert1", 
        "transparent": true, 
        "depthTest": true, 
        "vertexColors": false
    }], 
    "skinWeights": [0, 0, 0, 0, 0, 0, 0, 0, 0, 0, 0, 0, 0, 0, 0, 0, 0, 0, 0, 0, 0, 0, 0, 0, 0, 0, 0, 0, 0, 0, 0, 0], 
    "normals": [0.0, -0.99999994, 0.0, 0.0, -0.99999994, 0.0, 0.0, -0.99999994, 0.0, 0.0, -0.99999994, 0.0, 0.0, -0.99999994, 0.0, 0.0, -0.99999994, 0.0, 0.0, -0.99999994, 0.0, 0.0, -0.99999994, 0.0], 
    "bones": [], 
    "skinIndices": [0, 0, 0, 0, 0, 0, 0, 0, 0, 0, 0, 0, 0, 0, 0, 0, 0, 0, 0, 0, 0, 0, 0, 0, 0, 0, 0, 0, 0, 0, 0, 0], 
    "influencesPerVertex": 4, 
    "metadata": {
        "formatVersion": 3.1, 
        "generatedBy": "Maya Exporter"
    }
}