{
    "uvs": [[0.06460382789373398, 0.9401376843452454, 0.99853515625, 0.9401376843452454, 0.99853515625, 0.0, 0.06460382789373398, 0.0, 0.048452869057655334, 0.0, 0.06313898414373398, 0.0, 0.06313898414373398, 0.9401376843452454, 0.048452869057655334, 0.9401376843452454, 0.016150956973433495, 0.0, 0.03083706833422184, 0.0, 0.03083706833422184, 0.9353961944580078, 0.016150956973433495, 0.9353961944580078, 0.03230191394686699, 0.0, 0.046988025307655334, 0.0, 0.046988025307655334, 0.9401376843452454, 0.03230191394686699, 0.9401376843452454, 0.0, 0.0, 0.01468611229211092, 0.0, 0.01468611229211092, 0.9353961944580078, 0.0, 0.9353961944580078]],
    "faces": [41, 1, 3, 2, 0, 0, 1, 2, 3, 0, 1, 2, 3, 41, 5, 4, 6, 7, 4, 5, 6, 7, 4, 5, 6, 7, 41, 9, 8, 10, 11, 8, 9, 10, 11, 8, 9, 10, 11, 41, 13, 12, 14, 15, 12, 13, 14, 15, 12, 13, 14, 15, 41, 17, 16, 18, 19, 16, 17, 18, 19, 16, 17, 18, 19],
    "vertices": [-86.77726746, -2.99666667, 104.26091766, -86.77726746, -2.99666667, -70.44507599, 86.77719116, -2.99666667, 104.26091766, 86.77719116, -2.99666667, -70.44507599, 86.77719116, -2.99666667, 104.26091766, 86.77719116, 0.0, 104.26091766, 86.77719116, -2.99666667, -70.44507599, 86.77719116, 0.0, -70.44507599, 86.77719116, -2.99666667, -70.44507599, 86.77719116, 0.0, -70.44507599, -86.77726746, -2.99666667, -70.44507599, -86.77726746, 0.0, -70.44507599, -86.77726746, -2.99666667, -70.44507599, -86.77726746, 0.0, -70.44507599, -86.77726746, -2.99666667, 104.26091766, -86.77726746, 0.0, 104.26091766, -86.77726746, -2.99666667, 104.26091766, -86.77726746, 0.0, 104.26091766, 86.77719116, -2.99666667, 104.26091766, 86.77719116, 0.0, 104.26091766],
    "materials": [{
        "opacity": 0.0,
        "colorDiffuse": [0.4000000059604645, 0.4000000059604645, 0.4000000059604645],
        "depthWrite": true,
        "blending": "NormalBlending",
        "shading": "Lambert",
        "DbgName": "lambert1",
        "transparent": true,
        "depthTest": true,
        "vertexColors": false
    }],
    "normals": [0.0, -0.99999994, 0.0, 0.0, -0.99999994, 0.0, 0.0, -0.99999994, 0.0, 0.0, -0.99999994, 0.0, 0.99999994, 0.0, 0.0, 0.99999994, 0.0, 0.0, 0.99999994, 0.0, 0.0, 0.99999994, 0.0, 0.0, 0.0, 0.0, -0.99999994, 0.0, 0.0, -0.99999994, 0.0, 0.0, -0.99999994, 0.0, 0.0, -0.99999994, -0.99999994, 0.0, 0.0, -0.99999994, 0.0, 0.0, -0.99999994, 0.0, 0.0, -0.99999994, 0.0, 0.0, 0.0, 0.0, 0.99999994, 0.0, 0.0, 0.99999994, 0.0, 0.0, 0.99999994, 0.0, 0.0, 0.99999994],
    "metadata": {
        "formatVersion": 3.1,
        "generatedBy": "Maya Exporter"
    }
}
